name,status,price,items_sold,free_returns,shipping
Vintage Boyds Collection J.B. Bean Series Teddy Bear - Floral Jumper & Flower,Pre-Owned,$39.99,0,False,0
BRUBIES Teddy Panda - 10 Inch Teddy Bear in Panda Costume with Hood,Brand New,$24.99,0,False,0
BRUBIES Teddy Elephant - 10 Inch Teddy Bear in Elephant Costume with Hood,Brand New,$24.99,0,False,0
"17.7"" Ted 2 Movie Teddy Bear w/Apron Plush Soft Stuffed Animals Plush Toy Gift",Brand New,$29.99,134,False,0
12'' Teddy Bear Stuffed Animal Soft Plush Toy Baby Shower Valentine's Day Gift,Brand New,$9.87,0,True,0
10'' Teddy Bear Stuffed Animal Plush Toy Valentine's Day Christmas Birthday Gift,Brand New,$9.39,165,False,0
"Ted 2 Movie Teddy Bear Figure 10cm (4"") Movable Collectible Toy w/ Box",Brand New,$24.99,0,False,0
"10"" Teddy Bears Bulk 6 Packs Teddy Bear Stuffed Animals Plush Toys Gift for Kids",Brand New,$26.59,0,True,0
"MorisMos Pink Giant Teddy Bear 4 Feet, Lovely 47inch Classic Stuffed Animals",Brand New,$38.99,0,False,0
4ft Giant White Teddy Bear Plush Stuffed Animal Soft Huge Valentines Gift,Brand New,$36.79,0,True,0
"10cm TED 2 Movie Teddy Bear 4"" Boxed Movable Action Figure Toy Collectors Model",Brand New,$24.04,51,False,599
"TED 2 Movie Teddy Bear 3.5"" Boxed Movable Action Figure Toy Collectors Model",Brand New,$29.95,0,True,0
"MorisMos Big Teddy Bear with I Love You Red Heart 36""  Cuddly Large  Teddy Bear",Brand New,$39.99,0,False,0
BRUBIES Teddy Unicorn - 10 Inch Teddy Bear in Unicorn Costume with Hood,Brand New,$24.99,0,False,0
BRUBIES Teddy Frog - 10 Inch Teddy Bear in Frog Costume with Hood,Brand New,$24.99,0,False,0
BRUBIES Teddy Bunny - 10 Inch Teddy Bear in Bunny Costume with Hood,Brand New,$24.99,0,False,0
"GUND Baby My First Teddy Bear Stuffed Plush Toy Soft Pink 10"" for Newborn Infant",Brand New,$8.99,0,False,0
10pcs/Lot  4.3 inches Mini Teddy Bear Stuffed Plush Toys  with Dress,Brand New,$14.85,0,False,180
Kohl's Cares Corduroy Teddy Bear Plush Green Overalls 14” Stuffed Animal 2016,Pre-Owned,$8.00,0,False,562
10'' Plush Teddy Bear Stuffed Animal Doll Soft Plushies Toy Valentine's Day Gift,Brand New,$10.39,1404,True,0
Giant Teddy Bear 35.4'' Giant Stuffed Animal Big Bear Plush Toy,Brand New,$23.99,0,True,0
World Zero WZ - MOUNTS - *DISCOUNT*,Brand New,$2.99,0,False,0
"New 6"" Red Hot Plush Comfort Teddy Bear Animal Toy Gift",Brand New,$10.98,39,False,0
"The Teddy Bear - Hardcover By McPhail, David - VERY GOOD",Pre-Owned,$4.18,11,True,0
Kanye West Teddy Bear Plush Doll Music Graduation Teddy Bear Collection,Brand New,$14.99,278,True,0
Build A Bear BAB Timeless Teddy Brown Classic Bear Plush Original NWT UNSTUFFED,Brand New,$12.99,0,True,0
"Precious Moments Teddy Bear Plush 9"" Stuffed Animal with Pink Bow",Pre-Owned,$10.44,0,True,0
OFFICIAL MR. BEAN TEDDY BEAR BEANIE BABY - UK EXCLUSIVE - RETRO TY BEANIE BABY,Brand New,$19.99,381,False,0
BRUBIES Teddy Cow - 10 Inch Teddy Bear in Cow Costume with Hood,Brand New,$24.99,0,False,0
Lot of 59 Enesco Cherished Teddies Figurines Resin Bears Collection Vintage Bulk,Pre-Owned,$349.94,0,False,2257
Teddy Bear / Resin Furniture Appliqué / Scrapbooking /Embellishment/Crafts,Brand New,$14.99,0,False,552
"Sao Tome and Principe Flag Teddy Bear Plush 10"" Baby Gift Souvenir | Rep Ya Flag",Brand New,$55.93,0,True,0
"Anco Teddy Bear Black Dress With Red Roses With White Hat Sitting Plush 7""",Pre-Owned,$9.99,0,True,0
"Walmart Chocolate Brown TEDDY BEAR 12"" Plush Plaid Gingham Bow Vintage Stuffed",Pre-Owned,$49.99,0,False,800
Charlie Bears Evans | Plush Green Teddy Bear Collectable,Brand New,$299.00,0,False,1272
2026 Walmart Happy Valentine's Day TEDDY BEAR PRINCESS 22 Inches Tall,Brand New,$26.00,0,False,1200
Kids Preferred Vintage Emerald Green Teddy Bear Plush Stuffed Animal,Pre-Owned,$35.00,0,False,1050
50pcs Blue Teddy Bear Sunflower Seeds - Stunning Annual Blooms for Your Garden,,$5.95,867,True,0
"Maximilian Mink Teddy Bear,Brown,Button Eyes,Plaid Neck Bow, 11""x 10""x 5.5""",Pre-Owned,$99.00,0,True,720
"Teddy Mountain 16"" Zombie Teddy Bear Stuffie Plush Craft Birthday recordable",Brand New,$32.99,0,False,0
"17.7"" Ted 2 Movie Teddy Bear w/Apron Plush Soft Stuffed Animals Plush Toy Gift",Brand New,$20.99,0,False,0
Vintage Teddy Bear Smithsonian Institution PLUSH Purple T-Shirt Roosevelt NWT,Brand New,$9.99,0,False,899
Get Your Hands on a Ganz Hug Me Teddy Bear Plush Stuffed  NWT,Brand New,$3.99,0,False,699
Charlie Bears Reynolds | Plush Brown Teddy Bear Collectable,Brand New,$299.00,0,False,1272
Progressive St. Peters Teddy Bear Jointed Brown  Plush Stuffed Animal  13”,Pre-Owned,$12.52,0,True,585
"Brown Teddy Bear Plush Toy 12"" Stuffed Animal Toddler Doll Gift for Kids",Brand New,$16.60,0,False,0
Vintage Baby Aurora Blue Teddy Bear Alphabet Block Stuffed Animal Plush,Pre-Owned,$7.00,0,False,589
"Teddy Bear Gray Brown Sitting Up 11"" Plush Stuffed Animal Commonwealth 1991",Pre-Owned,$29.31,0,False,956
"Best Made Toys Bear Plush Stuffed Animal Brown White Pink Polka Dot 13""",Pre-Owned,$28.99,0,False,0
"Valentine Pink Bear Swirl Furry Kiss Me Plush Stuffed 8"" Walmart Toy",Pre-Owned,$5.00,0,False,562
46cm TED Plush Figure Movie Teddy Bear Stuffed Animal Plush Pillow,Brand New,$20.99,0,False,0
Kanye West Teddy Bear Stuffed Plush Doll Music Graduation Teddy Bear Collection,Brand New,$15.79,0,True,0
50PCS Pink Giant Teddy Bear Sunflower Seeds,,$4.95,1803,True,0
"12"" Ganz Nighty Night Tan Teddy Bear Stuffed Plush Red & Black Plaid Pajamas Cap",Pre-Owned,$17.94,0,False,562
Vintage 2006 Sugar Loaf Plush Stuffed Animal Teddy Bear Hearts Purple Nylon Xoxo,Pre-Owned,$14.99,0,False,799
White Teddy Bear Plush Soft Stuffed Animal Cute Gift Pawsenclaws Co,Pre-Owned,$18.99,0,False,1000
Who Killed Teddy Bear [New DVD],Brand New ·DVD ·Who Killed Teddy Bear,$11.92,170,True,0
Douglas Black Bear Plush Unisex Small Stuffed Animal Toy Black Faux Fur Cabin,Pre-Owned,$21.99,0,False,649
"San Marino Flag Teddy Bear Plush 10"" – Baby Gift Souvenir | Rep Ya Flag",Brand New,$55.93,0,True,0
Jujutsu Kaisen Satoru Gojo Anime Plush Teddy Bear Doll Stuffed Toy Cosplay Gift,Brand New,$49.62,0,False,599
Resin Teddy Bear Furniture Appliqué/Switch PlateDecor/Scrapbooking/Nursery Decor,Brand New,$7.99,0,False,577
Jujutsu Kaisen Satoru Gojo Anime Plush Teddy Bear Doll Stuffed Toy Cosplay Gift,Brand New,$49.62,0,False,599
"San Marino Flag Teddy Bear Plush 10"" – Baby Gift Souvenir | Rep Ya Flag",Brand New,$55.93,0,True,0
Morismos Giant Teddy Bear 6 Feet- I Love You Red Heart Big Dark Brown Bear,Brand New,$119.99,0,False,0
"Papel Classics Teddy Bear Hailey Plush W/ Dress Hat Stuffed Animal 10"" WITH TAGS",Pre-Owned,$18.96,0,False,860
"Build-A-Bear Workshop Rainbow Teddy Bear Plush 16"" Stuffed Animal 2012 Toy",Pre-Owned,$18.99,0,False,750
NWT Good Stuff Boston Bruins NHL Hockey Plush 10” Teddy Bear Officially Licensed,Brand New,$14.99,0,False,577
Sweetheart Teddy Brown Bear Plush I Love You Heart 2023 Valentine Stuffed Animal,Pre-Owned,$24.98,0,True,0
"Animal Adventure Ballerina Bear Tan W/Pink Rosette Bow 15""Plush /Stuffed Toy",Pre-Owned,$7.00,0,False,545
Who Killed Teddy Bear [New DVD],Brand New ·DVD ·Who Killed Teddy Bear,$11.92,170,True,0
Teddy Bear Fidget Toy,Brand New,$0.99,0,False,795
"Hometown Products Teddy Bear 12"" Plush Letterman Jacket Stuffed Animal",Pre-Owned,$9.99,0,True,651
"Original Warm-hearted Teddy Bear,  Warm up - Heat up Teddy Bear! Vintage",Brand New,$29.95,0,False,1000
BRUBIES Teddy Koala - 10 Inch Teddy Bear in Koala Costume with Hood,Brand New,$24.99,0,False,0
"Valentines Day Gift for Her,Rose Bear Gift for Women,Flowers Gifts for Mom Wife",Brand New,$47.46,0,True,3010
Drawbridge | Gargoyle Plush Character for Kids | Bearhouse by Charlie Bears,Brand New,$55.00,0,False,1272
Charlie Bears Raspberry Cupcake - Adorable Plush Teddy Bear Pink Fur and Bow,Brand New,$60.00,0,False,0
"MorisMos Love Heart Giant Teddy Bear, 36inch Big Love Bears with Bow Tie, Large",Brand New,$34.99,0,False,0
"Burton & Burton White 17"" Plush Stuffed Bear With Bow Tie Love Me",Pre-Owned,$12.99,0,True,650
Medium Valentines Day Teddy Bear Plush,Brand New,$12.34,0,False,0
"GUND Vintage Schlepp #1457  Shaggy Small 9"" Ivory Teddy Bear Collectible Toy NWT",Brand New,$19.95,0,False,625
"MaoGoLan Giant Teddy Bear 47"" Large Stuffed Animals Plush Toy",Brand New,$35.00,0,False,0
Douglas Small Cream Brulee Bear #7820 Shaggy Teddy Retired 2018,Pre-Owned,$19.99,0,False,643
"Anico Int'l Inc Teddy Bear Stuffed Animal Plush Toy Brown Bow Floppy  14""",Pre-Owned,$11.95,0,False,926
Jockey Being Family Stuffed Animal Plush Teddy Bear 12 Inch Brown New With Tag,Brand New,$17.50,0,False,926
"NWT VTG Mango Teddy Bear Co Plush Mountain Goat Ram Bag Wild Game Pal 24"" ZIPPER",Brand New,$1.00,0,False,999
Vintage Victorias Secret Limited Edition Plush Angel Bear Wings Stuffed Animal,Pre-Owned,$35.00,0,False,695
Christmas Mini Build A Bear Stuffed Animals Plush Advent Calendar,Pre-Owned,$35.00,0,False,651
BRUBIES Teddy Tiger - 10 Inch Teddy Bear in Tiger Costume with Hood,Brand New,$24.99,0,False,0
MorisMos Giant Black Teddy Bear 6ft Stuffed Animals - “I Love You” Red Heart,Brand New,$119.99,0,False,0
Handmade Wooden Candle Holder Teddy Bear Design Unique Rustic Home Decor Gift,Brand New,$59.00,0,False,0
Care Bears Striped Teddy Bear Print Pajama Shorts,Pre-Owned,$18.00,0,False,885
Russ Curllilocks Sr. White Curly Plush Bear 22 Inch Curly Fur Toy,Pre-Owned,$19.17,0,True,1115
"17.7"" Ted 2 Movie Teddy Bear w/Apron Plush Soft Stuffed Animals Plush Toy Gift",Brand New,$22.89,0,False,0
UNIPAK Designs Butter Yellow Small Jointed Teddy Bear Posable Stuffed Plush,Pre-Owned,$6.75,0,False,577
925  Solid Sterling Silver Teddy Bear Pendant,New (Other),$21.99,0,True,0
Clinique All About Shadow Quad Shade 01 Teddy Bear 0.16 Oz/4.8g Full Size NIB,Brand New,$27.50,14,True,0
VIP Cranston Hug-Me-Bear Fabric Panel Cut & Sew Teddy Bear w/ Blue Heart,Brand New,$6.50,0,False,577
Bartizan | Gargoyle Plush Character for Kids | Bearhouse by Charlie Bears,Brand New,$55.00,0,False,1272
26cm Kanye Teddy Bear Plush Doll West Graduation Teddy Bear  ToysX'masgift,,$30.69,0,False,0
Narcotics Anonymous  sponsorship bear,Brand New,$20.00,148,False,700
Medium Valentines Day Teddy Bear Plush,Brand New,$12.54,0,False,0
"MorisMos Giant Teddy Bear 4 Feet, Cute Big Teddy Bear Plush 47inch",Brand New,$39.99,0,False,0
"Lindt Plush Teddy Bear With Red Bag 8"" Brown Soft Stuffed Animal Collectible",Pre-Owned,$19.99,0,True,699
2026 Walmart Happy Valentine's Day TEDDY BEAR YOU AND ME Red 22 Inches Tall,Brand New,$26.00,0,False,1200
Valentine’s Day Princess Rainbow Teddy Bear Plush 21” Multicolor,Brand New,$25.00,0,False,0
HUGFUN INTERNATIONAL Large Plush Teddy Bear Tan Soft Cuddly 24 inch,Pre-Owned,$45.00,0,False,1400
NWT Cute Red Gummy Bear Plush 16 Inch Valentine's Day Anniversary Mother’s Day,Brand New,$19.99,0,False,0
"Thready Bear, Interactive 14"" Plush, 70+ Expressions & Reactions, Ages 3+, NEW",Brand New,$15.99,0,False,1166
17.7 Ted 2 Movie Teddy Bear w/Apron Plush Soft Stuffed Animals Plush Toy Gift-US,Brand New,$23.99,0,False,0
Target 2025 GiggleScape Brown Teddy Bear w Scarf 7” Plush Valentine Bean Tush,Pre-Owned,$18.00,0,False,589
Metal I Love NY Teddy Bear Key Chain New York City Souvenir Party Favor,Brand New,$9.99,113,True,0
"Squishmallows 8"" Livo Pink Neon Bear Plush 2024 With Original Tags",Pre-Owned,$24.99,0,False,0
Vintage Eden (most Likely) Brown Teddy Bear 16” Tall RED WHITE & BLUE Ribbon ✨,Pre-Owned,$14.95,0,True,595
Pal Pick Progressive Plush Teddy Bear White Jointed 10 inch Stuffed Bear,Pre-Owned,$8.99,0,False,777
Teddy Bear Plush Heart Print 6” Valentines Day Gift Soft Cuddly Stuffed Animal,Pre-Owned,$9.97,0,False,675
"Fiesta Brown Plush Teddy Bear with “Happy Birthday” Shirt, 10”",Pre-Owned,$10.99,0,False,527
"Cuzzie Comfort Crew Military Kids Patchwork Cottage Teddy Bear Stuffed Plush 16""",Pre-Owned,$8.45,0,False,926
BRUBIES Teddy Duck - 10 Inch Teddy Bear in Duck Costume with Hood,Brand New,$24.99,0,False,0
Valentine's Day Dress Up Teddy Bear Costume Plush Mascot Costume Role Play 73 in,New (Other),$129.99,0,False,0
Fun Mr Bean Teddy Bear Plush Toy Comedy Cartoon Movie Figure Cute Animal Baby,Brand New,$14.99,0,False,0
"Giant Teddy Bear, 63""/160cm, Birthday Valentine Gift, Red",Brand New,$54.99,0,False,0
Plushland Licensed Plush Teddy Bear Beanie Bumblebee Outfit AR442 NWT,Brand New,$13.23,0,False,700
Microwaveable and Weighted Teddy Bear Plush Unscented Stuffed Animal,Brand New,$12.00,0,False,919
"GUND Vintage Schlepp #1457  Shaggy Small 9"" Ivory Teddy Bear Collectible Toy NWT",Brand New,$19.95,0,False,625
"17.7"" Ted 2 Movie Teddy Bear w/Apron Plush Soft Stuffed Animals Plush Toy Gift",Brand New,$28.99,0,False,0
2026 Walmart Happy Valentine's Day TEDDY BEAR PRINCESS 22 Inches Tall,Brand New,$26.00,0,False,1200
TY Beanie Baby - ALOHA the Teddy Bear [Maui Strong] (8.5 inch) MWMTs Hawaii Bear,Brand New,$10.89,0,False,0
39 Inch Light Brown Giant Teddy Bear Ultra Soft Plush Cuddly Stuffed Animal,Brand New,$42.19,0,True,0
Genuine Porsche Teddy Bear Brown WAP-040-003-0S-TDB,Brand New,$94.00,11,True,0
"Premier Toy Cuddle Up With Love Teddy Bear 10"" Plush Brown Stuffed Animal",Pre-Owned,$11.99,0,False,599
Gummibär (The Gummy Bear) Jumbo Sitting Plush Toy,Brand New,$29.99,68,True,0
100+ DWARF TEDDY BEAR SUNFLOWER SEEDS 🌻 HEIRLOOM • POM-POM • USA FREE SHIPPING,,$3.99,2056,True,0
Kanye West Teddy Bear Plush Doll Music Graduation Teddy Bear Collection,Brand New,$14.45,0,False,0
18.5 in Bartholomew Bear Plush Doll W/o Tags & With Dust Bag,Brand New,$36.99,0,False,0
"12"" Bartholomew Bear Plush Toy Soft Classic Jellycat Bear Gift Collectible",Brand New,$28.99,0,False,0
"Official MLB NY Mets Coach Plush Teddy Bear 9"" Good Stuff",Pre-Owned,$13.43,0,False,0
Handmade Knitted Teddy Bear Sweaters of the Month,Pre-Owned,$14.85,0,False,926
5Ft Giant Teddy Bear Stuffed Animal Huge Teddy Bear w/ Ribbon Light Brown 160,Brand New,$120.00,0,False,0
"Teddy Bear DGE Corp Plush Brown Soft Stuffed Animal Black Vinyl Foot Pads 12""",Pre-Owned,$14.79,0,False,872
House of Hull White Teddy Bear Plush Black Faux Fur Vest 15 Inch Vintage 1987,Pre-Owned,$24.17,0,True,1115
Lime Crime Velvetines Liquid Matte Lipstick Teddy Bear Vegan (NEW),Brand New,$12.99,230,False,0
"MaoGoLan Big Teddy Bear Stuffed Animal, Soft and Cuddly Giant Teddy Bear Plush",Brand New,$49.97,0,False,0
50pcs Blue Teddy Bear Sunflower Seeds - Stunning Annual Blooms for Your Garden,,$5.95,867,True,0
NEW - I LOVE THERESA - Teddy Bear - Cute Soft Cuddly - Gift Present Romantic,Brand New,$29.09,0,False,725
"Fiesta Brown Plush Teddy Bear with “Happy Birthday” Shirt, 10”",Pre-Owned,$10.99,0,False,527
HUGFUN INTERNATIONAL Large Plush Teddy Bear Tan Soft Cuddly 24 inch,Pre-Owned,$45.00,0,False,1400
BRUBAKER Teddy Plush Bear with Red Heart - I Love You - 9.84 Inches - Plush,Brand New,$6.99,0,True,0
Plush Teddy Bear White with Red Hat & Heart “Love” Stuffed Animal Toy 9”,Brand New,$12.99,0,True,577
"MorisMos Big Teddy Bear 6 Feet,Life Size Huge Teddy Bear Plush Stuffed Animal",Brand New,$125.99,0,False,0
Kanye West Teddy Bear Plush Doll Music Graduation Teddy Bear Collection Donda,Brand New,$14.99,54,True,0
Swarovski teddy pink bright Pearl Bear bracelet🔥,Brand New,$58.66,0,False,1000
Large Valentines Day Teddy Bear Plush,Brand New,$18.64,0,False,0
White And Pink Teddy Bear Plush I Love You Heart Stuffed Animal Valentines,Brand New,$4.25,0,False,552
MorisMos Teddy Bear 6 Feet Tall Pink Human Size Big Teddy Bear Stuffed Animal,Brand New,$116.99,0,False,0
925  Solid Sterling Silver Teddy Bear Pendant,New (Other),$21.99,0,True,0
50pcs Pink Giant Teddy Bear Sunflower Seeds – Fluffy Double Blooms,,$4.36,265,False,0
Galerie M & M's Embroidered Teddy Bear Plush Stuffed Toy with Denim Jean Jacket,Brand New,$11.99,0,False,700
"Punch Monkey Shirt, Punch Monkey with Teddy Bear Monkeys Lovers T-Shirt",Brand New,$18.99,0,False,0
Goffa Chocolate Brown Sitting Teddy Bear w/ Brown Bow Plush Stuffed Toy,Pre-Owned,$12.00,0,False,0
Vintage 1983 Collectors Classics GUND Brown Teddy Bear 16in.,Pre-Owned,$24.99,0,False,601
"TED 2 Movie Teddy Bear 3.5"" Boxed Movable Action Figure Toy Collectors Model",Brand New,$50.00,0,False,0
"IKEA Fabler Bjorn Teddy Bear Stuffed Plush Soft Toy Beige 9"" Lovey NWT",Brand New,$10.95,0,False,495
"Teddy Mountain 8"" Gingerbread man AND Girl Teddy Bear Plush Stuffed and huggable",Brand New,$34.99,0,False,0
"Linzy Toys, 67747  ""Te Amo"" Teddy Bear with Heart 12""",Brand New,$14.99,0,False,0
Blue Teddy Bear 9” Plush Stuffed Animal Toy White Bow,Pre-Owned,$5.32,0,True,756
Roblox NINJA TEDDY BEAR exclusive virtual item CODE - Messaged fast,Brand New,$3.95,0,False,0
"Best Contract Manager Ever Teddy Bear, Gift Stuffed Animal",Brand New,$19.95,0,False,0
2026 HAPPY VALENTINES VALENTINE’S DAY Gift  LARGE RED TEDDY BEAR,Brand New,$26.99,0,False,0
Proud Patriots Trumpinator Teddy Bear - Donald Trump 2024 Bear for Trump Supp...,Brand New,$22.52,0,True,0
Vintage Eden (most Likely) Brown Teddy Bear 16” Tall RED WHITE & BLUE Ribbon ✨,Pre-Owned,$14.95,0,True,595
Warmies Marshmallow Bear Microwavable Lavender Scented Snuggable Plush Bear NEW!,Brand New,$24.99,0,False,0
VIP Cranston Hug-Me-Bear Fabric Panel Cut & Sew Teddy Bear w/ Blue Heart,Brand New,$6.50,0,False,577
"Audi Promotional 17"" Brown Plush Teddy Bear Floppy Legs/Arms NO Outfit",Pre-Owned,$10.00,0,False,752
Pal Pick Progressive Plush Teddy Bear White Jointed 10 inch Stuffed Bear,Pre-Owned,$8.99,0,False,777
SEWING PATTERN Sew Stuffed Animal Soft Plush Toy - Teddy Bear Cat Dog Bunny 8044,Brand New,$9.99,0,False,726
"Kellytoys Black And Tan Speckled 12"" Teddy Bear Collectible",Pre-Owned,$11.02,0,False,577
"IKEA Kramig Panda Bear 13"" Plush Teddy Bear Black White Stuffed Animal Toy",Pre-Owned,$12.00,0,True,746
Kidstar Teddy's Home Nursery w/ Carry Case 2 Bears Table New Sealed,Brand New,$20.00,0,False,0
New Jersey State Police Officer Plush Toy  Teddy Stuffed Animal 22” Patriot Bear,Brand New,$149.50,0,False,0
Pack of 12 Teddy Bear  Bike Motorcycle Hat Cap Lapel Pin HP4711,Brand New,$32.88,0,False,0
Pack of 12 White Teddy Bear W/ USA Flag Drum Motorcycle Hat Cap Lapel Pin HP4774,Brand New,$32.88,0,False,0
Pack of 24 White Teddy Bear In RWB Hot Air Balllon Bike Hat Cap Lapel HP4775,Brand New,$58.88,0,False,0
Pack of 24 Boy Teddy Bear With Bouquet Bike Motorcycle Hat Cap Lapel Pin HP462,Brand New,$58.88,0,False,0
Large Valentines Day Teddy Bear Plush,Brand New,$18.74,0,False,0
SEWING PATTERN Sew Stuffed Animal Soft Plush Toy - Teddy Bear Cat Dog Bunny 8044,Brand New,$9.99,0,False,726
2024 Trump  “ Make America Great Again” Teddy Bear Donald Trump Iconic Red Hat,Brand New,$28.80,0,True,831
Jally cats Bartholomew Bathrobe Bear Plush Plushie Doll Soft Stuffed Animal Gift,Brand New,$28.55,0,False,0
"American Girl Bitty Bear for Bitty Baby 5"" Plush",Brand New,$15.00,72,False,577
"Baby Boyds Bear Light Beige Green Bow Jointed Plush Boyds Bears Teddy Bear 7""",Pre-Owned,$8.99,0,False,875
"WATER HORSE LOCH NESS MONSTER TOY PLUSH 6"" BEVERLY HILLS TEDDY BEAR BEANIE DOLL",Brand New,$5.50,144,False,388
Gentle Treasures St Jude Brown Teddy Bear Plush Animal Plaid Scarf Hat NWT 2020,Brand New,$9.99,0,False,699
Vintage 1986 Enesco Musical Wind Up Stuffed Plush Christmas Bear With Scarf Hat,Pre-Owned,$14.99,0,True,0
Pack of 12 Girl Teddy Bear In Red Dress Bike Motorcycle Hat Cap Lapel Pin HP461,Brand New,$32.88,0,False,0
Pack of 6 Teddy Bear Love Bike Motorcycle Hat Cap Lapel Pin HP4569,Brand New,$17.76,0,False,0
Pack of 24 Teddy Bear Love Bike Motorcycle Hat Cap Lapel Pin HP4569,Brand New,$58.88,0,False,0
Plush Unicorn & Turtle Stuffed Animals & Teddy Bear Bow Accent trio,Pre-Owned,$8.00,0,False,1050
2026 HAPPY VALENTINES VALENTINE’S DAY Gift  LARGE RED TEDDY BEAR,Brand New,$26.99,0,False,0
"Ultimate Teddy Bear Book - Hardcover By Cockrill, Pauline - GOOD",Pre-Owned,$4.43,0,True,0
"MorisMos 10PCS 14"" Brown Teddy Bear Bulk Baby Shower Party Favors Centerpiece",Brand New,$49.99,0,False,0
"Godiva Brown Teddy Bear Plush W/Red & Gold Trim Velvet Feel Jacket & Hat 11""",Pre-Owned,$14.99,0,True,875
"VINTAGE MELISSA ANN BUMBLE BEE BEAR DOLL 4.5"" Movable Arms and Legs",Brand New,$2.25,141,False,795
Teddy Bear Rose 10in Flower Rose Bear with Box ＆ Led Light Valentines Gift,Brand New,$15.89,0,True,0
Wishpets Black Bear Plush in Washington DC Hoodie 9” NEW w TAG Souvenir Plushie,Brand New,$13.79,0,True,635
"Hard Rock Cafe Pink 14"" Teddy Bear Herrington's LIMITED EDITION Full Outfit 2001",,$49.99,0,True,1199
2005 World Market 15” Heart Knit Plush Sock Bear NWT,Brand New,$24.99,0,False,926
"Ty Beanie Baby - MARCH Birthday Teddy Bear 8"" NEW MWMTs Plush Stuffed Animal Toy",Brand New,$21.89,19,True,0
39 Inch Light Brown Giant Teddy Bear Ultra Soft Plush Cuddly Stuffed Animal,Brand New,$42.19,0,True,0
Teddy Bear With Balloons Bike Motorcycle Hat Cap Lapel Pin HP3002,Brand New,$6.88,0,False,0
Pack of 3 White Teddy Bear In RWB Hot Air Balllon Bike Hat Cap Lapel HP4775,Brand New,$12.88,0,False,0
Pack of 24 Teddy Bear Riding Stick Pony Bike Motorcycle Hat Cap Lapel Pin HP3016,Brand New,$58.88,0,False,0
Pack of 3 White Teddy Bear W/ USA Flag Drum Motorcycle Hat Cap Lapel Pin HP4774,Brand New,$10.88,0,False,0
"Mary Meyer Baby Taggies Starry Night Teddy Bear Lovey Soft Toy 12 Inches,",Brand New,$18.99,0,False,599
"Ganz E1 Baby Haggar Bear 15"" Plush Stuffed Toy H13851",Brand New,$20.79,0,True,0
Kids of America Gray Teddy Bear Plush Stuffed Animal Bow Tie 13” Tall 2001,Pre-Owned,$15.00,0,False,980
"GAC Collectible Teddy Bear Jointed Reindeer Moose Costume 17"" Weighted Christmas",Pre-Owned,$23.03,0,False,1307
Princess Soft Tan Teddy Bear 1999 Beanbag Plush With Red Plaid Bow(310-475-2),Pre-Owned,$20.00,0,True,872
Fuzzy Teddy Bear Bag Charm Lilac Pink Flocked Clip Dangle Backpack Heart Charms,New (Other),$7.99,0,True,499
Pack of 50 White Teddy Bear In RWB Hot Air Balllon Bike Hat Cap Lapel HP4775,Brand New,$124.88,0,False,0
Pack of 12 Boy Teddy Bear With Bouquet Bike Motorcycle Hat Cap Lapel Pin HP462,Brand New,$32.88,0,False,0
"American Greetings Gray 8"" Teddy Bear Plush MOM Mother’s Day Love Stuffed Animal",Pre-Owned,$6.92,0,False,484
Adorable 20-Inch Pink Teddy Bear Stuffed Animal – Perfect for Kids & Gifting,Brand New,$41.99,0,True,0
"Care Bears Purple Best Friend Bear 13"" 2004 Talking  Plush Stuffed Vtg",Pre-Owned,$12.00,0,False,1000
RUFUS THE BEAR DIABETES PLUSH STUFFED ANIMAL TOY IN OVERALLS new,Brand New,$24.99,0,False,785
"1 Cute Love Bear With Heart, For Valentine's Day Teddy Bear",Brand New,$1.80,0,False,90
Charlie Bears Anniversary Noodle | Plush Panda Bear Collectable,Brand New,$100.00,0,False,1272
"Retired Build A Bear Maple Leaf Orange Shimmer Teddy Bear Plush 16"" Leaf On Paw",Pre-Owned,$24.99,0,True,1195
"Gigglescape 12"" Halloween Superhero Bear Plush Stuffed Animal Toy Gift NWT",Brand New,$17.09,0,True,0
JIM MARVIN Red Bear Plush Stuffed Animal Toy Vintage Christmas Decor,Pre-Owned,$9.99,0,False,972
"Stuffed Animal House Beige Teddy Bear 9"" Seated Red Bow Tie",Pre-Owned,$15.00,0,True,1195
Medium Valentine’s Day Teddy Bear Plush Tan,Brand New,$12.54,0,True,0
BABW / Build A Bear Workshop VELVET HUGS Teddy Bear 12” Plush Stuffed Toy,Pre-Owned,$7.00,0,False,852
"Pottery Barn Teen Teddy Bear Bean Bag Cover Ivory - Large - 41"" - New",Brand New,$69.99,0,False,1499
Vintage Quality Product Green Teddy Bear Plush 16 Inch Stuffed Toy Animal Bow,Pre-Owned,$67.88,0,False,742
Button Eyed Teddy Bear Sticker l Gloss or Holographic Laminate l Waterproof,Brand New,$2.79,0,True,0
"Fuggler x LOTR 9"" FRODO BAGGINS Munch Munch Hobbit Lord of the Rings Brand New",Brand New,$10.99,0,False,555
"TED 2 Movie Teddy Bear 3.5"" Boxed Movable Action Figure Toy Collectors Model",Brand New,$50.00,0,False,0
100+ DWARF TEDDY BEAR SUNFLOWER SEEDS 🌻 HEIRLOOM • POM-POM • USA FREE SHIPPING,,$3.99,2056,True,0
Pack of 6 White Teddy Bear In RWB Hot Air Balllon Bike Hat Cap Lapel HP4775,Brand New,$17.76,0,False,0
Pack of 12 Panda Teddy Bear Bike Motorcycle Hat Cap Lapel Pin HP234,Brand New,$32.88,0,False,0
Pack of 3 White Teddy Bear In RWB Hot Air Balllon Bike Hat Cap Lapel HP4775,Brand New,$12.88,0,False,0
Pack of 50 Boy Teddy Bear With Bouquet Bike Motorcycle Hat Cap Lapel Pin HP462,Brand New,$124.88,0,False,0
Teddy Bear  Bike Motorcycle Hat Cap Lapel Pin HP4711,Brand New,$8.88,0,False,0
Pack of 50 White Teddy Bear W/ USA Flag Drum Motorcycle Hat Cap Lapel Pin HP4774,Brand New,$124.88,0,False,0
Kids of America Gray Teddy Bear Plush Stuffed Animal Bow Tie 13” Tall 2001,Pre-Owned,$15.00,0,False,980
"GAC Collectible Teddy Bear Jointed Reindeer Moose Costume 17"" Weighted Christmas",Pre-Owned,$23.03,0,False,1307
Princess Soft Tan Teddy Bear 1999 Beanbag Plush With Red Plaid Bow(310-475-2),Pre-Owned,$20.00,0,True,872
Adorable 20-Inch Pink Teddy Bear Stuffed Animal – Perfect for Kids & Gifting,Brand New,$41.99,0,True,0
Spark Create Imagine Plush Teddy Bear Brown Tan Stuffed Animal Toy,Pre-Owned,$9.99,0,False,846
"Mary Meyer Baby Taggies Starry Night Teddy Bear Lovey Soft Toy 12 Inches,",Brand New,$18.99,0,False,599
BABW / Build A Bear Workshop VELVET HUGS Teddy Bear 12” Plush Stuffed Toy,Pre-Owned,$7.00,0,False,852
"Care Bears Purple Best Friend Bear 13"" 2004 Talking  Plush Stuffed Vtg",Pre-Owned,$12.00,0,False,1000
DEMDACO Giving Bear Plush Stuffed Animal Brown Tan Soft Cuddle Toy,Pre-Owned,$15.49,0,False,1105
Pack of 6 Teddy Bear  Bike Motorcycle Hat Cap Lapel Pin HP4711,Brand New,$17.76,0,False,0
Pack of 50 Teddy Bear Riding Stick Pony Bike Motorcycle Hat Cap Lapel Pin HP3016,Brand New,$124.88,0,False,0
Pack of 6 Girl Teddy Bear In Red Dress Bike Motorcycle Hat Cap Lapel Pin HP461,Brand New,$17.76,0,False,0
"1 Cute Love Bear With Heart, For Valentine's Day Teddy Bear",Brand New,$1.80,0,False,90
"TED 2 Movie Teddy Bear 3.5"" Boxed Movable Action Figure Toy Collectors Model",Brand New,$50.00,0,False,0
Rilakkuma San-X: Chairoikoguma As Korilakkuma Plush Toy,Brand New,$25.00,0,False,1000
"Retired Build A Bear Maple Leaf Orange Shimmer Teddy Bear Plush 16"" Leaf On Paw",Pre-Owned,$24.99,0,True,1195
White And Pink Teddy Bear Plush I Love You Heart Stuffed Animal Valentines,Brand New,$4.25,0,False,552
JIM MARVIN Red Bear Plush Stuffed Animal Toy Vintage Christmas Decor,Pre-Owned,$9.99,0,False,972
Vintage Quality Product Green Teddy Bear Plush 16 Inch Stuffed Toy Animal Bow,Pre-Owned,$67.88,0,False,742
Button Eyed Teddy Bear Sticker l Gloss or Holographic Laminate l Waterproof,Brand New,$2.79,0,True,0
"Stuffed Animal House Beige Teddy Bear 9"" Seated Red Bow Tie",Pre-Owned,$15.00,0,True,1195
"Pottery Barn Teen Teddy Bear Bean Bag Cover Ivory - Large - 41"" - New",Brand New,$69.99,0,False,1499
"Aeropostale Striped Scarf Golden Brown Teddy Bear 13"" Plush Stuffed Animal Toy",Pre-Owned,$22.00,0,False,881
"Plushology I Love Arizona Graffiti Teddy Bear Plush Stuffed Animal Toy 12"" 2024",Brand New,$14.82,0,True,897
Teddy Bear Love Bike Motorcycle Hat Cap Lapel Pin HP4569,Brand New,$8.88,0,False,0
Pack of 3 Teddy Bear  Bike Motorcycle Hat Cap Lapel Pin HP4711,Brand New,$10.88,0,False,0
Pack of 6 Teddy Bear With Balloons Bike Motorcycle Hat Cap Lapel Pin HP3002,Brand New,$17.76,0,False,0
Pack of 6 White Teddy Bear W/ USA Flag Drum Motorcycle Hat Cap Lapel Pin HP4774,Brand New,$17.76,0,False,0
Barefoot Dreams Plush Bear Cuddle Buddie Brown Stuffed Animal Baby Bean Bag,Pre-Owned,$14.99,0,True,595
Build a Bear Teddy Bear Accessory - SCENTiments™Sugar Cookie Scent Disc - New,Brand New,$14.99,0,False,507
Aran Woolen Mills Hand Knit Stuffed Animal Bear With Scarf  100 %Merino Wool,Pre-Owned,$20.00,0,False,620
Halloween Black Sparkly Witch Teddy Bear Plush Stuffed Animal Orange Wizard Hat,Pre-Owned,$8.00,0,False,1000
"Care Bears Friend Bear Tie Dye Special Edition 8"" Plush Vintage 2003 Orange NWT",Brand New,$24.99,0,False,752
Teddy Bear with Heart Plush Bear That Says I Love You and Blushes LED Stuffed To,Brand New,$34.70,0,True,0
Girl Teddy Bear In Red Dress Bike Motorcycle Hat Cap Lapel Pin HP461,Brand New,$6.88,0,False,0
Teddy Bear Riding Stick Pony Bike Motorcycle Hat Cap Lapel Pin HP3016,Brand New,$6.88,0,False,0
3 Beverly Hills Worlds Softest Plush 10” Silky Teddy Bear Stuffed Animal Lovey,Pre-Owned,$25.00,0,True,752
White Plush Teddy Bear | Red Bow & Red Nose | 10 Inch | Burton & Burton NEW,Brand New,$6.99,0,False,1195
Hallmark Koala Plush Lavender Purple Bear White Heart Tummy Toy Lovey GUC,Pre-Owned,$7.00,0,False,609
Brand Caltoy Valentine White Teddy Bear - A Lasting Symbol of Love,Pre-Owned,$13.99,0,False,552
PetSmart Plush Dog Toy Lucky the Teddy Bear Gray Squeaker Stuffed Animal NWT/WH2,Brand New,$5.25,0,True,830
"American Wego 8"" Plush Brown Bear Halloween Theme Stuffed Animal H2126",Pre-Owned,$14.25,0,True,577
"Wondershop White Polar Bear 9"" Sitting Plush Target Teddy 2019 Christmas Holiday",Pre-Owned,$19.95,0,False,0
"Handcrafted Christmas Teddy Bear 18"" Multicolored Sweater Scarf Stuffed Tree Vtg",Pre-Owned,$20.03,0,False,1050
Proud Patriots Trumpinator Teddy Bear - Donald Trump 2024 Bear for Trump Supp...,Brand New,$22.52,0,True,0
Douglas Small Cream Brulee Bear #7820 Shaggy Teddy Retired 2018,Pre-Owned,$19.99,0,False,643
"fabric ROSE-COVERED TEDDY BEAR large stuffed animal 32""xWOF 100% Cotton",Brand New,$7.50,0,False,577
"Fuggler x LOTR 9"" FRODO BAGGINS Munch Munch Hobbit Lord of the Rings Brand New",Brand New,$10.99,0,False,555
Microwaveable and Weighted Teddy Bear Plush Unscented Stuffed Animal,Brand New,$12.00,0,False,919
Medium Valentine’s Day Teddy Bear Plush Tan,Brand New,$12.52,0,True,0
"MaoGoLan Big Teddy Bear Stuffed Animal, Soft and Cuddly Giant Teddy Bear Plush",Brand New,$49.97,0,False,0
Eden Toys Stuffed White Bear Blue Overalls,Pre-Owned,$9.99,0,True,636
Mary Meyer White Polar Teddy Bear 12” Beanbag Plush Christmas Stripes Red,Pre-Owned,$21.99,0,True,703
Care Bears Caring Cuties Vinyl Plush Pendant Blind Box – 1 of 6 to Collect NEW,Brand New,$27.00,0,False,650
Pack of 12 Teddy Bear Riding Stick Pony Bike Motorcycle Hat Cap Lapel Pin HP3016,Brand New,$32.88,0,False,0
Pack of 6 Panda Teddy Bear Bike Motorcycle Hat Cap Lapel Pin HP234,Brand New,$17.76,0,False,0
Pack of 6 Boy Teddy Bear With Bouquet Bike Motorcycle Hat Cap Lapel Pin HP462,Brand New,$17.76,0,False,0
Pack of 3 Teddy Bear Riding Stick Pony Bike Motorcycle Hat Cap Lapel Pin HP3016,Brand New,$10.88,0,False,0
Pack of 24 Girl Teddy Bear In Red Dress Bike Motorcycle Hat Cap Lapel Pin HP461,Brand New,$58.88,0,False,0
Pack of 3 Teddy Bear With Balloons Bike Motorcycle Hat Cap Lapel Pin HP3002,Brand New,$10.88,0,False,0
Large Valentines Day Teddy Bear Plush,Brand New,$18.64,0,False,0
Lego New White Teddy Bear with Black Eyes Nose and Mouth Animal,Brand New,$2.99,0,True,795
RUFUS THE BEAR DIABETES PLUSH STUFFED ANIMAL TOY IN OVERALLS new,Brand New,$24.99,0,False,785
Giant Tan Teddy Bear Stuffed Animal Plush Toy,Pre-Owned,$48.00,0,False,4261
Warmies Marshmallow Bear Microwavable Lavender Scented Snuggable Plush Bear NEW!,Brand New,$24.99,0,False,0
Kids Of America 2000 Plush Halloween Costumed Teddy Bear New With Tags NWT,Brand New,$7.99,0,True,562
Yours Truly Small Purple Stuffed Bear Plush with Crown Embroidery,Pre-Owned,$7.00,0,False,552
Build A Bear Camouflage Plush Teddy Bear Stuffed Animal Toy Green Brown,Pre-Owned,$14.44,0,False,609
"Education Outdoors Smokey Bear Plush Toy 8"" Small Wildlife Conservation Gift NWT",Brand New,$14.99,0,True,699
Pack of 6 Panda Teddy Bear Bike Motorcycle Hat Cap Lapel Pin HP234,Brand New,$17.76,0,False,0
Pack of 24 Panda Teddy Bear Bike Motorcycle Hat Cap Lapel Pin HP234,Brand New,$58.88,0,False,0
Pack of 3 Boy Teddy Bear With Bouquet Bike Motorcycle Hat Cap Lapel Pin HP462,Brand New,$10.88,0,False,0
Pack of 50 Girl Teddy Bear In Red Dress Bike Motorcycle Hat Cap Lapel Pin HP461,Brand New,$124.88,0,False,0
Gund Bear Tales Teddy Bears Vintage 1985 Brown and Tan Plaid Outfits with Hats,Pre-Owned,$19.99,0,False,1764
PetSmart Plush Dog Toy Lucky the Teddy Bear Gray Squeaker Stuffed Animal NWT/WH2,Brand New,$5.25,0,True,830
Build a Bear Teddy Bear Accessory - SCENTiments™Enchanted Jasmine Scent Disc-New,Brand New,$14.99,0,False,507
Medium Valentine’s Day Teddy Bear Plush Tan,Brand New,$12.70,0,True,0
"Build A Bear Disney Princess Pink Teddy Bear Plush W/ Crown  Stuffed Animal 17""",Pre-Owned,$24.00,0,True,1195
26cm Kawaii Dropout Bear Teddy Bear Plush Toys Graduation Soft Stuffed,Brand New,$10.99,0,False,0
"Karina Sophie Koala Teddy Bear Plush Gray 10"" Progressive Plush Stuffed Animal",Brand New,$9.79,0,False,1050
Barbie Cutie Reveal Teddy Bear as Dolphin Costume-Themed Series Doll Toy NEW,Brand New,$19.99,0,False,0
Reeses Cute Teddy Bear Soft Plush Animal w Candy Brown Ribbon Logo Collector NWT,Brand New,$9.97,0,False,799
"Linzy Toys, 67747  ""Te Amo"" Teddy Bear with Heart 12""",Brand New,$14.99,0,False,0
Handmade Crystal Teddy Bear Trio Mold For Resin,Brand New,$25.00,0,False,0
Pack of 3 Girl Teddy Bear In Red Dress Bike Motorcycle Hat Cap Lapel Pin HP461,Brand New,$10.88,0,False,0
Bartholomew Bear Pumpkin – 36cm Plush Toy | Christmas Soft Collectible,Brand New,$29.99,21,True,0
Proud Patriots Trumpinator Teddy Bear - Donald Trump 2024 Bear for Trump Supp...,Brand New,$22.52,0,True,0
Bukowski Bear Ziggy Strawberry Plush Bean Bag Stuffed Animal Fruit Costume 5”,Pre-Owned,$14.95,0,False,612
"Brown Teddy Bear Keychain for Women and Girls, Bling Backpack Charm",Brand New,$10.99,0,True,0
"Alpaca Fur Teddy Bear Plush Duck Baby Bird Duckling Brown White 10""",Pre-Owned,$49.99,0,True,799
"Pillowfort Weighted PANDA BEAR 22"" Plush Black & White Throw Pillow Anxiety",Pre-Owned,$59.99,0,False,0
Warmies Brown Curly Bear - Plush Microwavable Freezable Lavender Scented NWT,Brand New,$26.99,0,False,0
TY Beanie Baby - ALOHA the Teddy Bear [Maui Strong] (8.5 inch) MWMTs Hawaii Bear,Brand New,$10.89,0,False,0
VTG NOS Berenguer Pink Teddy Bear Wrist Rattle Stuffed Animal Plush Toy Lovey,Brand New,$14.99,0,True,875
Big Teddy Bear Large Teddy Bear Stuffed Animal Birthday Valentines Day Plush for,Brand New,$58.51,0,True,0
Maogolan Giant Teddy Bear Plush Toy - Ultra Soft & Cute Large Stuffed Animal 39,Brand New,$50.99,0,True,0
"Sugar Loaf World Bears Greece Teddy Bear Multicolored 14"" Plushie 2008 “Rare”",Pre-Owned,$14.95,0,False,705
Large Valentines Day Teddy Bear Plush,Brand New,$18.56,0,False,0
MorisMos Teddy Bear 6 Feet Tall Pink Human Size Big Teddy Bear Stuffed Animal,Brand New,$116.99,0,False,0
"Punch Monkey Shirt, Punch Monkey with Teddy Bear Monkeys Lovers T-Shirt",Brand New,$18.99,0,False,0
Teddy Bear #3 Fuzzy Bear Sitting Laser Cut Out Unfinished Wood Shape Craft,Brand New,$1.10,0,False,525
"Yangzhou Bear Great Imp Exp Co Fuzzy Light Brown Khaki Plush 11"" Inch Stuffed",Pre-Owned,$6.00,0,False,550
Lace Teddy Bodysuit Lingerie for Women Sexy Babydoll Satin Teddy Romper Cute,Brand New,$16.90,0,False,499
"2 pcs of 6"" inch TEDDY BEAR CHOLLA Wood Cactus | Aquarium, Terrarium Cave Tunnel",Brand New,$14.97,290,True,480
Pennsylvania State Teddy Bear Soft Toy Plush Blue Beanie Baby-like - Symbolz,Pre-Owned,$6.00,0,False,643
Keel Toys Teddy Bear London Beefeater Plush Beany Simply Soft Collection NWT 8”,Brand New,$17.00,0,False,810
vintage 1970s best Made Toy Co Bear dressed as Bear Plush Teddy bear,Pre-Owned,$10.00,0,False,1764
Build a Bear Teddy Bear Accessory - SCENTiments™ Lavender Scent Disc-New,Brand New,$14.99,0,False,507
Eden Toys Stuffed White Bear Blue Overalls,Pre-Owned,$9.99,0,True,636
Chicago Cubs Plush Teddy Bear Player,Brand New,$8.00,0,False,547
"Giant Teddy Bear, 63""/160cm, Birthday Valentine Gift, Red",Brand New,$54.99,0,False,0
"Fuggler Hairy Fuggs 9"" SIR BELCH Hairy Tongue Funny Ugly Monsters NIB HTF",Brand New,$18.97,0,False,555
Yangzhou panda Bear Mom Baby Cub Teddy Stuffed Animal Plush 12” AM,Pre-Owned,$22.76,0,False,685
Aroma Korean Mink Baby Child Blanket Teddy Bear Premium Quality -Pink/Beige/Blue,Brand New,$45.00,0,False,0
"MorisMos Big Teddy Bear 6 Feet,Life Size Huge Teddy Bear Plush Stuffed Animal",Brand New,$125.99,0,False,0
Plush Soft Brown Bear with Round Tummy,Brand New,$29.95,0,False,0
"OFF WHITE BEAR:1 Pc MINI 2.50"" H/1.50"" W/1"" L Furry-Plush-Stuffed Red Ribbon NEW",Brand New,$9.55,0,False,0
"Bearington Remington Teddy Bear for Valentines Day - 9.5"" Soft and Cuddly Valent",Brand New,$38.00,0,False,0
Heirloom Dwarf Teddy Bear Sunflower Seeds Non-GMO Attracts Pollinators,,$2.50,0,False,0
New Jersey State Police Officer Plush Toy  Teddy Stuffed Animal 22” Patriot Bear,Brand New,$149.50,0,False,0
Barbie Cutie Reveal Teddy Bear as Dolphin Costume-Themed Series Doll Toy NEW,Brand New,$19.99,0,False,0
26cm Kawaii Dropout Bear Teddy Bear Plush Toys Graduation Soft Stuffed,Brand New,$10.99,0,False,0
Chicago Cubs Plush Teddy Bear Player,Brand New,$8.00,0,False,547
"Carter's Teddy Bear Brown Pink Flower Musical Pull Stuffed Plush 10"" READ",Pre-Owned,$19.99,0,False,1105
"Alpaca Fur Teddy Bear Plush Duck Baby Bird Duckling Brown White 10""",Pre-Owned,$49.99,0,True,799
"Linzy Toys, 67747  ""Te Amo"" Teddy Bear with Heart 12""",Brand New,$14.99,0,False,0
Reeses Cute Teddy Bear Soft Plush Animal w Candy Brown Ribbon Logo Collector NWT,Brand New,$9.97,0,False,799
Handmade Crystal Teddy Bear Trio Mold For Resin,Brand New,$25.00,0,False,0
"Pottery Barn Kids Gund White Snuffles Plush Polar Bear 11"" Teddy Stuffie Toy",Pre-Owned,$59.99,0,True,530
Heart Eye Bear Easter Or Valentine 10.5” Pink Stuffed Toy,Pre-Owned,$7.00,0,False,530
Small Plush Stuffed Animal Black Bear,Pre-Owned,$16.99,0,False,643
Funhouse Large Brown Plush Bear W/Red Ribbon With Hearts,Pre-Owned,$24.95,0,True,0
"SKM Enterprises Bear W/ Pink Bow 18"" Brown Furry Soft",Pre-Owned,$11.39,0,False,599
"Yangzhou Bear Great Imp Exp Co Fuzzy Light Brown Khaki Plush 11"" Inch Stuffed",Pre-Owned,$6.00,0,False,550
"Karina Sophie Koala Teddy Bear Plush Gray 10"" Progressive Plush Stuffed Animal",Brand New,$9.79,0,False,1050
Bukowski Bear Ziggy Strawberry Plush Bean Bag Stuffed Animal Fruit Costume 5”,Pre-Owned,$14.95,0,False,612
"Brown Teddy Bear Keychain for Women and Girls, Bling Backpack Charm",Brand New,$10.99,0,True,0
Build a Bear Teddy Bear Accessory - SCENTiments™Enchanted Jasmine Scent Disc-New,Brand New,$14.99,0,False,507
Ty Large Plush Beanie Buddy TEDDY the Cranberry Bear (14 Inch) MWMT Stuffed Toy,Brand New,$17.89,0,True,0
TY Beanie Baby - ALOHA the Teddy Bear [Maui Strong] (8.5 inch) MWMTs Hawaii Bear,Brand New,$10.89,0,False,0
Kuddle Me Bear Plush Pink Pajamas Hat Floppy Lovey Stuffed Animal 15 inch Tags,Pre-Owned,$29.99,0,False,643
"Pillowfort Weighted PANDA BEAR 22"" Plush Black & White Throw Pillow Anxiety",Pre-Owned,$59.99,0,False,0
RMS International Musical Color Changing Teddy Bear Light Brown 11in Plush VIDEO,Pre-Owned,$19.99,0,True,0
Warmies Brown Curly Bear - Plush Microwavable Freezable Lavender Scented NWT,Brand New,$26.99,0,False,0
Animal Adventure Red Heart Plush Bear 2019 12” Stuffed Animal Toy,Pre-Owned,$15.00,0,True,550
"Teddy Mountain 8"" Gingerbread man AND Girl Teddy Bear Plush Stuffed and huggable",Brand New,$34.99,0,False,0
Teddy Bear Panda Fabric Vingettes Bear Hugs Cream Ecru Cotton QT By The Yard,Brand New,$12.95,11,True,549
VTG NOS Berenguer Pink Teddy Bear Wrist Rattle Stuffed Animal Plush Toy Lovey,Brand New,$14.99,0,True,875
"Tan Brown Teddy Bear Interactive Talking Teaching Russ Plush 10"" Toy Lovey",Pre-Owned,$12.99,0,False,994
ARTICULATED TEDDY BEAR NEW SILVER TONE PIN BROOCH ARMS LEGS AND HEAD MOVE NEW,New (Other),$9.99,0,False,217
Large Valentines Day Teddy Bear Plush,Brand New,$18.56,0,False,0
Glorious Britain Policeman Teddy Bear plush with tag,Brand New,$6.89,0,False,926
"Sugar Loaf World Bears Greece Teddy Bear Multicolored 14"" Plushie 2008 “Rare”",Pre-Owned,$14.95,0,False,705
"Kelly Trading 11.5"" Blue White Striped Teddy Bear Hat Stuffed Animal Plush",Pre-Owned,$12.97,0,False,549
Homerbest Curley Plush Bear 13” Stuffed Teddy Heart Valentines Gift Toy NWT,Brand New,$14.99,0,False,0
Giant Big Teddy Bear 4 Feet 47 inch Life Size Tan Plush Bear 47 inches Brown,Brand New,$46.99,0,True,0
"2000 Keepsake Memories Christmas Teddy Bear Boy & Girl Plush Stuffed Animal 18""",Pre-Owned,$19.99,0,False,4305
VINTAGE NATURE'S OWN ELVIS PRESLEY TEENY TINY BEAR PLUSH VERMONT TEDDY BEAR CO.,Brand New,$10.00,0,False,643
Large Valentines Day Teddy Bear Plush,Brand New,$18.64,0,True,0
Warmies Marshmallow Bear Microwavable Lavender Scented Snuggable Plush Bear NEW!,Brand New,$24.99,0,False,0
Pennsylvania State Teddy Bear Soft Toy Plush Blue Beanie Baby-like - Symbolz,Pre-Owned,$6.00,0,False,643
Build A Bear Sky Puppy Moth Bear Stuffed NEW,Brand New,$28.99,0,False,699
Lego New Black Teddy Bear w/ White Head and Stomach Panda Pattern Part,Brand New,$3.99,0,True,795
vintage 1970s best Made Toy Co Bear dressed as Bear Plush Teddy bear,Pre-Owned,$10.00,0,False,1764
"(4) World's Smallest CARE BEARS #6 Plush Birthday,Polite,Heartsong,Sweet Dreams",Brand New,$29.95,101,True,0
"Wishpets Teddy Bear Potsy 2007 Soft Beans Stuffed Animal Offwhite 9""",Pre-Owned,$11.95,0,False,743
Bearington Hugs N Kisses Tan Jointed Teddy Bear Beanbag Plush(310-2634-1),Pre-Owned,$20.00,0,True,722
"Squishmallows 6"" HugMees Care Bears Togetherness Bear Rainbow Pink New",Brand New,$9.99,0,False,499
Walmart Reclining Bear Plush Tan 12 Inch Stuffed Animal Toy,Pre-Owned,$29.95,0,True,678
Keel Toys Teddy Bear London Beefeater Plush Beany Simply Soft Collection NWT 8”,Brand New,$17.00,0,False,810
Yangzhou panda Bear Mom Baby Cub Teddy Stuffed Animal Plush 12” AM,Pre-Owned,$22.76,0,False,685
Gund Philbin Jumbo Teddy Bear Stuffed Animal NWT,Brand New,$160.00,0,False,919
Aroma Korean Mink Baby Child Blanket Teddy Bear Premium Quality -Pink/Beige/Blue,Brand New,$45.00,0,False,0
Fiesta Foo Bear II Loyalty Teal Plush Multi Color Power Bead Necklace 6.5 inch,Pre-Owned,$8.00,0,True,552
"Hug Me Bear with Heart Paw and Satin Bow, 15""",Brand New,$20.15,0,False,0
Anico International Shaggy Tan Teddy Bear 20” Plush Brown Ribbon Soft Lovey,Pre-Owned,$17.95,0,True,1000
Anico International Shaggy Tan Teddy Bear 20” Plush Brown Ribbon Soft Lovey,Pre-Owned,$17.95,0,True,1000
Brand New Small black cute FIRST & Main Smiley cubby bear Stuffed Animal Plushie,Brand New,$22.99,0,False,0
"Joyfay Giant Teddy Bear, 78""/200cm, Birthday Valentine Gift, Pink",Brand New,$142.99,0,False,0
"Kellytoy Teddy Bear Plush Brown Tan Bow Stuffed Animal Toy 8""",Pre-Owned,$11.99,0,False,810
Dypsis leptocheilos | Teddy Bear & Redneck Palm | 10_Seeds,,$11.95,0,True,0
Portcullis | Gargoyle Plush Character for Kids | Bearhouse by Charlie Bears,Brand New,$35.00,0,False,516
"Chilly Teddy Bear Pink Purple Balloons Sitting Teddy A & A Plush 5"" Lovey Toy",Pre-Owned,$9.99,0,False,495
Walmart Reclining Bear Plush Tan 12 Inch Stuffed Animal Toy,Pre-Owned,$29.95,0,True,678
Jockey Being Family Plush Teddy Bear With Embroidered Heart Logo Plaid Pajamas,Pre-Owned,$15.99,0,True,799
L.L. Bean Bear Finger Puppet Mini Plush Brown Stuffed Animal Toy Collectibles,Pre-Owned,$9.99,0,False,599
"White Teddy Bear Plush by Hallmark Soft & Fully Jointed 16"" weighted",Pre-Owned,$9.99,0,False,1525
"2000 TY Clasic Teddy Bear Jeeves Great Used Stuffed Toy Doll 13"" Baby",Pre-Owned,$4.24,0,False,1995
Very small Sterling Silver Teddy bear mini tiny charm.,New (Other),$12.99,0,True,395
White Teddy Bear Plush with Satin Bow,Pre-Owned,$13.50,0,False,926
Rolife NANCI Colorful Chocolate Cutie Bears SMOOTH MILK white NEW plush,Brand New,$33.00,0,False,552
Bear Works Ballerina Teddy Bear Plush Stuffed Animal Pink Dress Shoes Brown,Pre-Owned,$15.29,0,True,795
Plush Cowboy Teddy Bear has Hat w/ Lasso & Bandana Toy network 1990’s,Pre-Owned,$10.00,0,True,699
"Moriah Elizabeth MR. HOT COCOA Mystery Cupcake 8"" Plush STUFFED ANIMAL Toy",Pre-Owned,$20.00,0,True,600
"Care Bears Plush 40th Anniversary Care-A-Lot Bear Stuffed Animal 2022 14""",Brand New,$8.99,0,False,596
"True and The Rainbow Kingdom -YETI 9"" Talking Musical Cuddly Plush Teddy - NEW",Brand New,$19.99,47,False,0
"Teddy Grahams Bear Plush – White - TG The Millennium – Beanbag – 7"" – 2000",Pre-Owned,$9.98,0,True,599
C S Int'l Toys TEDDY BEAR Brown Furry 10in Plush 1983 Muzzle Foot Pads,Pre-Owned,$6.25,0,False,700
Homefront Girl Teddy Bear Collection I Kissed A Soldier New,Brand New,$4.99,0,False,1030
Narcotics Anonymous 2nd edition basic text bear,Brand New,$20.00,246,False,700
Ron Banafato Bear Teddy Tan Beige Laying 17” Plush Stuffed Animal Toy Bean Feet,Pre-Owned,$16.95,0,True,940
British Police Officer Bobby 2005 Keel Toys Soft Plush Stuffed Teddy Bear 12”,Brand New,$23.99,0,False,1000
KellyToy Kelly Baby My First Bear Teddy 14” Plush Blue Rattle Stuffed Toy New,Brand New,$14.99,10,True,799
Hallmark Teddy Bear Heart Eyes Valentines Day Plush Stuffed Animal Toy 8” Love,Brand New,$14.95,0,False,495
Snuggle Teddy Bear Plush Tan Stuffed Animal Embroidered Foot 14 Inches,Pre-Owned,$33.00,0,True,600
PLUSH SPY BEAR - Stuffed Animal Teddy Bear Plushy In Rain Coat Trench Coat,Brand New,$29.45,0,False,1195
Care Bears Share Bear Unicorn Hoodie Costume 12” Pink & Purple Plush,Pre-Owned,$9.99,0,True,650
"Squishmallows 6"" HugMees Care Bears Togetherness Bear Rainbow Lime New",Brand New,$9.99,0,False,499
Jellycat Plush Treasure Chest Brown Soft Toy Collectible Stuffed Animal,Brand New,$43.96,0,False,0
"Five Nights At Freddy's 2 Toy Mangle 8"" Plush With Glow eyes 2025",Brand New,$34.99,0,False,0
Lego New Medium Lavender Teddy Bear with Black Eyes Nose and Mouth Animal,Brand New,$2.99,92,True,795
50pcs Rare Purple Enchanting Giant Teddy Bear Sunflower Seeds,,$5.95,1322,True,0
Too Faced Teddy Bear Hair Multi-Tasking Retractable Kabuki Brush -New in Box,Brand New,$29.85,0,True,0
"Anico 59"" Tall Giant Panda Teddy Bear Stuffed Animal White Black Soft Plush Bear",Pre-Owned,$109.00,0,False,1500
Cuddle Wit Pink Bear Plush 19 Inch Stuffed Animal Toy,Pre-Owned,$31.50,0,False,1000
Cute Plush Blue Bear Finding Love Pendant. Soft Stuffed Animal,Brand New,$15.95,0,False,520
"Candy Bear Plush soft Teddy bear cub 7""butterfly/angel wings Green-NWT-FREE SHIP",Brand New,$17.50,0,False,0
Friend Bear Vintage 2002 Care Bear With Tags See Pics,Pre-Owned,$20.00,0,False,643
Vtg NOS Berenguer Blue Teddy Bear Wrist Rattle Stuffed Animal Plush Toy Lovey,Brand New,$14.99,0,True,875
"Care Bears Good Cheer Bear Pink Rainbow Plush Stuffed Animal 2020 14"" Pride Joy",Pre-Owned,$9.00,0,False,710
Salvino’s Bammers Terrell Davis Broncos Plush Beanie Bear #30 NFL Tag,Pre-Owned,$12.44,0,True,0
Care Bears Squishmallow Good Luck Bear 12 inch Green Plush NEW St Patricks Day,Brand New,$48.00,0,True,0
"Vintage Fiesta Toys Blue Teddy Bear 10"" Fantasy Faire Excalibur Las Vegas",Pre-Owned,$12.99,0,False,799
Build a Bear Blue Red Aero Aeropostale Jacket Coat Teddy Bear Holiday,Pre-Owned,$12.99,0,True,1000
Scentsy Buddy Bunny Bear Large Plush Stuffed Animal,Pre-Owned,$35.00,0,False,746
Cuddle Bear Soft Tan & Cream Teddy Bear Brown Gingham Ribbon Bow Stitched Eyes 8,Pre-Owned,$20.00,0,True,0
"My Mini Baby Accessories Zuru 5 Surprise *YOU PICK Doll, Stroller, Crib SERIES 1",Pre-Owned,$3.00,33,False,550
Spark Create Imagine plush Black white panda teddy bear stuffed animal NWT Lovey,Brand New,$22.00,0,False,0
Build a Bear Teddy Bear Accessory - SCENTiments™ Rose Bouquet Scent Disc-New,Brand New,$14.99,0,False,0
"Funko Five Nights At Freddy's: Sister Location Funtime Freddy 8"" NWT USA SELLER",Brand New,$17.99,88,False,0
"Paddington Bear Plush 14"" Yellow Hat Blue Sweater Boots Galoshes Rare",Pre-Owned,$24.44,0,True,0
Big White Teddy Bear Stuffed Animal - Perfect Gift for Kids and Lovers,Brand New,$51.99,0,True,0
"OLD TIME TEDDY BEAR 23"" STUFF ANIMAL TOY DIGEST SIZE CROCHET PATTERN INSTRUCTION",Pre-Owned,$3.50,0,True,599
"SALE RARE  🚨 ☘️Goat USA Stickers 🐐  Most Under $4"" 🚨☘️Over 195  to choose",Brand New,$0.99,0,False,150
"4.7 Inchs Teddy Bear Stuffed Animal with Heart,Bow Tie Embroidered Pink Heart Te",Brand New,$18.65,0,True,0
Napco Super Soft Brown Teddy Bear Chocolate Satin Bow Stuffed Animal Plush 8”,Pre-Owned,$18.00,0,True,577
Cuddle Wit Pink Bear Plush 19 Inch Stuffed Animal Toy,Pre-Owned,$31.50,0,False,1000
Kellytoy Original Brown Bear Soft Plush NWT,Brand New,$29.99,0,False,0
Candy Bear | Stuffed Animal | Teddy Bear,Brand New,$11.95,0,False,749
"MIAOHAHA 23.6"" Dark Brown Teddy Bear Plush Toy",Brand New,$27.99,0,True,0
Kanye West Teddy Bear Plush Doll Music Graduation Teddy Bear Collection Donda,Brand New,$10.99,0,False,0
Kanye West Teddy Bear Stuffed Plush Doll Music Graduation Teddy Bear Collection,Brand New,$10.99,0,False,0
Yangzhou panda Bear Mom Baby Cub Teddy Stuffed Animal Plush 12” AM,Pre-Owned,$22.76,0,False,685
"12"" MACY'S BON MARCHE White Teddy Bear Soft Plush Blue & Green Hat Scarf",Pre-Owned,$10.00,0,False,599
"Care Bears 9"" Butterfly Share Bear Plush Spring Theme Special Edition '22 Purple",Pre-Owned,$9.87,0,True,649
"AEROPOSTALE Teddy Bear 16"" Plush Aero Red Polo Shirt  Stuffed Animal 326",Pre-Owned,$8.99,0,False,1195
Lime Crime Velvetines Liquid Matte Lipstick Teddy Bear Vegan (NEW),Brand New,$12.99,230,False,0
VINTAGE TY BEANIE BUDDIES BRAVO THE PURPLE POLKADOT TEDDY BEAR PLUSH CIRCA 2003,Pre-Owned,$14.99,0,False,0
Large Valentines Day Teddy Bear Plush,Brand New,$18.56,0,False,0
Cute Plush Blue Bear Finding Love Pendant. Soft Stuffed Animal,Brand New,$15.95,0,False,520
Ganz Kinsley Brown Bear Weighted Plush Soft Cuddly Stuffed Teddy Bear,Pre-Owned,$32.40,0,False,0
"Winter Teddy Bear Brown With Stocking Hat and Scarf Large 22""",Pre-Owned,$15.30,0,True,795
World Plush Inc Silver Geometric Teddy Bear Plush Stuffed Animal Toy Small Decor,Pre-Owned,$9.99,0,False,835
"Dan-dee Imports Bear Rattle Plush 5"" 1979 Stuffed Animal Toy",Pre-Owned,$9.99,0,False,926
Cepia Glo E Bear Magical Light Up Plush SMALL,Pre-Owned,$99.00,0,False,1050
Choose One - Rare VTG Vintage Alpha-Bears CARDesign 1983 Sticker Teddy Bear,Pre-Owned,$2.50,0,False,450
"2000 Keepsake Memories Christmas Teddy Bear Boy & Girl Plush Stuffed Animal 18""",Pre-Owned,$19.99,0,False,4305
Holiday Time Christmas Snowflake Tan Bear Small Bear 11” Tall **NWT**,Brand New,$13.57,0,False,881
"Calplush 2022 TEDDY BEAR squishy Tan Fluffy Bow Plush Stuffed 7.5"" Tall",Pre-Owned,$4.89,0,False,730
Cute & Cuddly Bearburger Plush Animal Stuffed Animal Bear Novelty,Pre-Owned,$7.99,0,False,699
"Pink & White Teddy Bear Plush 15"" Sitting Stuffed Animal Kellytoy Sugar Loaf",Pre-Owned,$14.24,0,False,499
"Handmade Cloth Teddy Bear 14"" Jointed Multi-Colored w/ Red Heart",Pre-Owned,$18.74,0,False,400
CareBears Caring Cuties Blind Box Keychains Brand New In Box,Brand New,$36.00,0,False,926
"Ivory Cream 10"" Teddy Bear With Spring Pink Checkered Silk Bow ULTRA SIKLY LUXE",Pre-Owned,$9.31,0,False,557
Rolife NANCI Colorful Chocolate Cutie Bears SMOOTH MILK white NEW plush,Brand New,$33.00,0,False,552
"Animal Adventure Teddy Bear Plush Stuffed Animal Tan Brown 11"" Sitting",Pre-Owned,$15.30,0,True,695
Dark Brown Teddy Bear w/ Houston Texans White Tee,Pre-Owned,$14.00,0,False,1050
"RARE Vintage Chrisha Playful Plush Teddy Bear w/Sweater 9"" Stuffed Animal Toys",Brand New,$19.99,0,False,601
Lemonwood Asia 10” Plush Teddy Bear Tan Cub ALPHABET BLOCKS Red Yellow Blue Toy,Brand New,$25.00,0,False,643
Teddy Bear Bride And Groom Cake Topper Figurine,Brand New,$10.20,0,False,872
Cotton Candy Swirl Teddy Bear 16 inch Plush with LED Light Up & I LOVE YOU sound,Brand New,$23.99,0,True,0
Dan Dee Bear 13 inch Plush Stuffed Teddy Bear Gray Scarf Winter Christmas,Pre-Owned,$15.95,0,False,0
"Vintage 1998 White Christmas Bear Holiday Team Santa 15"" Plush Limited Kmart",Pre-Owned,$6.99,0,False,637
"The Legend of the Teddy Bear (Myths, Legends, Fairy and Folktales) - GOOD",,$4.05,0,True,0
Nat & Jules Prudy Teddy Bear Lovey Plush Circle Print Textured Pink Present Gift,Pre-Owned,$32.00,0,False,590
Cute Pink Bear Plush Toy Strawberry Style Stuffed Pillow Soft Doll Gift for Kids,Brand New,$9.99,0,False,0
"Build A Bear Workshop N.Y. Yankees Teddy Bear 16"" Unstuffed w/ Glove Bat & Ball",Brand New,$25.95,0,False,395
Lego New Dark Purple Teddy Bear w/ Black Eyes Metallic Pink Muzzle Heart Part,Brand New,$2.99,39,True,795
"Steiff Plush Bear Jimmy Soft Cuddly Friends 113505 Brown Tan Teddy Toy Lovey 12""",Brand New,$34.99,0,False,0
"Five Nights At Freddy's 2 Toy Mangle 8"" Plush With Glow eyes 2025 In hand",Brand New,$27.99,0,False,577
Heartwarmers 11” Tan Brown Bear Plush Wearing Hat & Jacket,Pre-Owned,$10.99,0,False,752
"F1 Aston Martin Teddy Gift, Larger Bear, 28 cm sitting, Official Merchandise",Brand New,$21.21,0,False,1360
NWT Vtg Rare Teddy Bear 17” Liquid Blue Terrapin Stuffed Animal #5,Brand New,$150.00,0,False,1207
Walmart Red Teddy Bear Plush Valentines Day Hearts 7” Way To Celebrate,Brand New,$4.99,0,False,643
Boyds Bears Head Bean Plush Thank You Thanks Message Series Brown Fuzzy Teddy,Brand New,$3.98,0,True,760
"Accountants Work Their Assets Off Teddy Bear, Gift Stuffed Animal",Brand New,$19.95,0,False,0
Vintage Best Made Toys Limited Teddy Bear W/vest Plush Stuffed Animal 26 Cm,Pre-Owned,$28.31,0,False,2257
"Animal Adventure 12"" Teddy Bear Brown Purple Ribbon 2017 Stuffed Animal Plush",Pre-Owned,$14.97,0,False,549
25/38cm Rainbow Ruby Teddy Bear Plush Toys Stuffed Soft Plushie Cartoon,Brand New,$24.65,6,False,0
"vintage Christmas Teddy Bear Plush Tan Red Scarf christmas Hat Sitting 12""",Pre-Owned,$10.00,0,True,643
"Moriah Elizabeth Bumblebear Bumble Bear Color Splash Stuffed Plush Toy 6"" EUC",Pre-Owned,$10.99,0,True,499
"Emotions Mattel Vintage Teddy Bear Plush 1984 Brown Plushie Vest & Hat 14""",Pre-Owned,$12.00,0,True,1105
Vintage 1992 ~ JC Penney 23 inch ~ Jingle Bell Tail Teddy Bear ~ Red Bow,Pre-Owned,$45.00,0,False,2000
VTG Picadilly Classic Teddy Bear Caress Soft Pets by Russ Plush Fuzzy,Pre-Owned,$9.34,0,True,599
Albanese World's Best 12 Flavor Gummi Bears Family Size Share 36 oz Gluten Free,Brand New,$8.18,14,False,0
Toy Box Plush Collection Tan Bear,Brand New,$17.99,0,False,571
11.8 Inches Teddy Bear Stuffed Animals Soft Plush Cute Teddy Bear with Hoodie Do,Brand New,$20.95,0,True,0
NEW Gummy Bear Plush Green Singing Bear Toy Christmas Celebration Props Toy 30cm,Brand New,$41.99,0,False,0
Cute Teddy Bear Graphic T-Shirt Men Funny Cartoon Casual Street Tee,Brand New,$7.99,0,False,199
"Bearington Remington Teddy Bear- 9.5"" Soft and Cuddly Valentines Day Stuffed Ani",Brand New,$43.16,0,True,0
VINTAGE FRANKFORD CANDY TEDDY BEAR 8” PLUSH STUFFED ANIMAL TAN HARD TO FIND TOY,Pre-Owned,$27.25,0,False,577
"CHRISTMAS Snowflake TEDDY BEAR PLUSH Stuffed Animal Purple 20"" LARGE 2022 NWT",Brand New,$30.01,0,False,900
Handmade Knitted Teddy Bear Sweaters of the Month,Pre-Owned,$14.85,0,False,926
Just For You Cream Ivory Plush Teddy Bear With Bow Stuffed Animal Toy 9.5 inch,Pre-Owned,$7.79,0,False,499
Medium Valentine’s Day Teddy Bear Plush Tan,Brand New,$12.52,0,True,0
Russ Bear Plush Teddy Bear Magenta Pink With Red Sparkle Heart 6 Inch,Brand New,$18.00,0,False,800
"Build A Bear Workshop 16"" Tan Swirls Teddy Bear",Pre-Owned,$8.40,0,True,752
"Bestever Red Velvet Snowflake Print Teddy Bear Stuffed Animal 12""",Pre-Owned,$10.00,0,False,577
Build a Bear Brown Teddy 18 inch Plush Fluffy Soft Stuffed Animal Toy BAB,Pre-Owned,$6.87,0,True,799
"New Huge White 32"" Teddy Bear with Rose Valentines - New with Tag",Brand New,$20.00,0,False,1381
F.R.J. 10” Fuzzy Teddy Bear Stuffed / Purple,Brand New,$12.99,0,False,0
"Fiesta White Bear Plush with Red Ribbon & Rose, Valentine's Day 1996",Pre-Owned,$10.50,0,False,577
Russ Chadsworth Plush Teddy Bear Brown with Red Bow Original Animals Theme,Pre-Owned,$10.00,0,False,872
PICK YOUR OWN TY Beanie Baby Standard Size Bear Babies,Brand New,$1.00,0,False,695
"Gorgeous Vermont Teddy Bear 16"" Drk Brown Red I Love You Heart Tuxedo Collar Bow",Pre-Owned,$39.99,0,True,1764
Medium Valentine’s Day Teddy Bear Plush Tan,Brand New,$12.44,0,True,0
"Teddy Bear Plush Stuffed Animal Toy 6.5"" Unbranded",Pre-Owned,$5.40,0,False,830
Care Bears Unlock The Magic Mascot Figure K Company 2-Inch Mini-Figure,Brand New,$8.75,0,False,695
Love Teddy Bear 10” Xoxo Gift Basket Flower Super Soft Baby Sitting Light Gray,Pre-Owned,$7.56,0,True,643
Small Plush Teddy Bear Stuffed Animal For Gift Baskets And Fun,Pre-Owned,$10.00,0,False,500
"4.5"" Brown Teddy Bears w/ Colorful Kindness Shirts – 12 Pc",Brand New,$17.20,0,False,0
10'' Mini US Air Force Teddy Bear in PT Uniform,Brand New,$24.00,0,True,0
"fabric ROSE-COVERED TEDDY BEAR large stuffed animal 32""xWOF 100% Cotton",Brand New,$7.50,0,False,577
Hallmark Tan Teddy Bear Plush Stuffed Animal Pink Shirt Blue Heart,Pre-Owned,$11.69,0,True,640
NEW Genuine SWAROVSKI Blue Teddy Bear Heart Keychain KeyRing Bag Charm 5733826,Brand New,$68.00,0,True,0
"Giant Teddy Bear 52 Inch White Soft, Wears Removable Tshirt I Love You This Much",Brand New,$199.95,0,True,0
"Mary Meyer 2000 White 8"" Sitting Teddy Bear Plush Toy Xmas Easter Shelf Decor",Pre-Owned,$14.95,0,False,1105
"Russ Berrie Teddy Bear Plush Brown 18"" USA Anniversary Flag Hoodie Ritz",Pre-Owned,$30.00,0,True,1764
Light Honey Brown Tan Teddy Bear Plush sitting brown sheer bow,Pre-Owned,$4.99,0,False,700
Teddy Bear Fuzzy Iron On Patch 1.5” X 1.75”,Brand New,$3.75,0,False,0
"Russell Candy Teddy Bear Plush Stuffed Animal Toy 4"" Tall",Pre-Owned,$10.80,0,False,0
TY Beanie Baby - TEDDY the Bear (100th Anniversary Teddy) (8.5 inch) - MWMTs,Brand New,$9.89,0,False,0
NEW Lego Minifig Light BROWN TEDDY BEAR  Toy Animal Tan,Brand New,$7.99,0,False,0
Medium Valentine’s Day Teddy Bear Plush Tan,Brand New,$12.70,0,True,0
Starbucks 2025 Bearista Teddy Bear Limited Edition Glass Cup! NEW,Brand New,$40.00,0,False,1000
"Star Gift Plush 7.5"" White Bear With Heart",Brand New,$5.99,0,False,565
Anico International Shaggy Tan Teddy Bear 20” Plush Brown Ribbon Soft Lovey,Pre-Owned,$17.95,0,True,1000
"Vtg Build a Bear Bearemy Plush Brown & Beige Teddy Bear 15"" Retired Padded Feet",Pre-Owned,$17.99,0,True,1195
Brand Caltoy Valentine White Teddy Bear - A Lasting Symbol of Love,Pre-Owned,$13.99,0,False,552
"Ty Beanie Baby JUNE the Birthday Teddy Bear 9"" NEW MWMT Plush Stuffed Animal Toy",Brand New,$16.89,14,True,0
"12.5"" Embrace Black Plush Jointed Legs Bear Soft Collectible Teddy Toy",Pre-Owned,$16.79,0,True,0
Glorious Britain Cool Britannia Teddy Bear Plush,Pre-Owned,$8.04,0,False,562
"NOS Hallmark Happy Hearts Pink Teddy Bear Jointed Knit Embroidered Nose Eyes 14""",Brand New,$14.99,0,True,1195
Medium Plush Stuffed Animal Lot Beige Dog Brown Teddy Bear Blue Ribbon,Pre-Owned,$14.99,0,False,926
Ty & Tay New Cartoon Plush Bear Pink 16”,Brand New,$22.99,0,False,891
NWT Coach COACHTOPIA Resin Brown Teddy Bear Screw-On Bag Purse CHARM CCY54,Brand New,$43.95,0,False,695
"Giftable World Teddy Bear 7"" Tan Brown Plush With Bow Stuffed Animal Toy NWT",Brand New,$7.49,0,True,577
Handmade Birthday Card #2 Teddy Bear Party Cake Balloons,Brand New,$2.99,0,False,0
"Way To Celebrate Small Gummy Bear Plush Blue 6.5""",Brand New,$13.34,0,False,555
Mty International Plush Tippy Teddy Bear Velvet Santa Hat Bow Stuffed Animal AN,Pre-Owned,$9.89,0,False,685
"Aurora Brown Teddy Bear with Tan Sitting Down Plaid Bow 8"" Plush Stuffed Animal",Pre-Owned,$9.50,0,False,562
Brown Sweetheart Teddy 2022 Valentine's Day Plush Bear Stuffed Animal used,Pre-Owned,$6.00,0,False,552
Ty Beanie Baby 1998 HOLIDAY TEDDY the Bear (8 Inch) MWMTs Stuffed Animal Toy,Brand New,$9.99,0,False,0
Build a Bear Teddy Bear Accessory - SCENTiments™ Lavender Scent Disc-New,Brand New,$14.99,0,False,507
"2025 Graduation Plush Bear- brown Stuffed - Supersoft ~12"" w/""diploma"" & cap NEW",Brand New,$15.99,0,False,846
Fovths 10 Inch Plush Stuffed Teddy Bear with Red Heart and Rose for Valentine's,Brand New,$24.38,0,False,0
